"","V1","V2"
"1",0.496271307840894,-0.342753486380601
"2",-0.166299562004675,0.922342089050585
"3",0.718956008654611,0.665290384710056
"4",-0.337840037333038,0.912074314589154
"5",0.103768466495452,0.11694588425247
"6",0.702804076773349,0.667719759440813
"7",-0.614903500465074,0.88168422768168
"8",0.667834895440407,-0.4568147082252
"9",0.803439193814904,0.768418566537934
"10",0.434519427219608,0.833548263334626
"11",-0.451525899391714,0.86768789243744
"12",0.573178884489452,-0.413433330237076
"13",1.56641699224795,-0.440186061043112
"14",1.39625768927646,-0.353635292866393
"15",1.01196917695379,-0.562964375871115
"16",1.07186613575913,-0.0339287325433908
"17",-0.0677048884041313,0.985936551859417
"18",1.73963639555591,-0.173038832609948
"19",0.214441475633911,-0.128790118859802
"20",0.984291967998782,-0.469512914681885
"21",1.9988669852355,0.349441402674542
"22",1.13200949631997,-0.548605572661549
"23",0.0825108223403839,0.989595941516911
"24",0.713686156054239,-0.499898526564017
"25",-1.03617969377659,0.3890927837857
"26",0.475082268610773,-0.369990180598583
"27",0.185800609869873,0.952637593854632
"28",0.119730857746183,0.0224060857704578
"29",1.9936550733547,0.445478099664718
"30",0.637445824009317,0.74790066007221
"31",1.06819621308072,-0.482278100984953
"32",-0.148473533754284,1.0503127584867
"33",0.386806774565641,0.98065737124352
"34",-0.17867140966256,0.940450454623068
"35",1.2822584200536,-0.396342682583141
"36",-0.980326277926653,0.100862997405415
"37",1.98737731453867,0.464476588174943
"38",0.126747575479966,-0.112373102133583
"39",0.444393794130556,-0.291782626761945
"40",0.615013111669054,0.72449528045656
"41",-0.907855535007697,0.515206397744453
"42",0.00688954165124849,0.971489117493804
"43",1.81550076830565,0.00544186680877486
"44",1.9738112247468,0.316883896878734
"45",0.888138839819785,-0.557867083264326
"46",0.0131694313618735,1.01493027958388
"47",1.95863742721324,0.154445750664805
"48",0.466268927736337,0.879143838098067
"49",0.42397682024222,0.988572215286857
"50",0.66998376539862,0.789332731366545
"51",0.549955535635714,0.826760298213012
"52",0.652881042361028,0.678938571232613
"53",0.167620133556319,0.124024881416818
"54",2.02198307879934,0.289367022336854
"55",2.03631181097598,0.392122784248178
"56",-0.705304116132307,0.802209442704389
"57",0.721721239889059,-0.44684713136073
"58",-1.0572522374124,0.288871342096998
"59",0.538738185211589,0.707988151651805
"60",-0.730453336224955,0.641255187624964
"61",-0.0850584026210803,1.04061691515948
"62",0.44651679867222,0.817575473311954
"63",0.895366620837041,0.414274478245002
"64",0.299042302948911,-0.121881919088
"65",0.340814514428423,-0.268885782211988
"66",0.640343448109817,-0.425106723607537
"67",-0.104820554505223,0.874744548230661
"68",1.02580754679661,0.030871383863529
"69",1.50008337050993,-0.388379593437752
"70",1.05855658340321,-0.486871460785261
"71",0.153142636111996,0.143905962591682
"72",0.69883169986301,0.732749834855895
"73",0.337856999997361,1.00180556229191
"74",0.582375816196636,0.779731100595565
"75",0.516630642648116,0.908242053918502
"76",-0.0121607305821733,0.549716814792244
"77",0.377415282550255,-0.209377158248234
"78",0.398307413436991,0.876079772869016
"79",0.0796087194065177,0.407016838679505
"80",0.932145814953165,0.253114418517092
"81",0.390304220295296,-0.209081660598124
"82",-0.548918653447961,0.775369489317441
"83",0.601761218254051,-0.472309665801548
"84",0.330164247010768,-0.214821234333647
"85",1.87019758046856,0.0732659061133444
"86",0.239897615410334,-0.0510283473705427
"87",-0.173535712138686,1.00931847282001
"88",0.596136487594478,-0.400319379378702
"89",0.573521262438502,-0.35260525845775
"90",2.05651566623646,0.169410145249665
"91",0.608282626600945,0.768349395650169
"92",0.00909415324444375,0.943834904833335
"93",0.940722135005164,0.280645491272289
"94",0.460975056477221,-0.396293061748552
"95",1.59281640271646,-0.425293631726976
"96",1.49564416127386,-0.381199328054525
"97",1.72136735330858,-0.131403376714835
"98",1.57597722644724,-0.286959849947575
"99",0.0200877002892614,0.569959224461824
"100",0.811550653315074,0.576702102636628
"101",0.0555501470955752,0.272523491546924
"102",1.81947454753955,-0.0545815418120645
"103",1.10355781715823,-0.453436964979156
"104",0.409391515611748,1.0252515579355
"105",0.737368737891334,0.751975172261993
"106",0.87207380221144,0.504963641430225
"107",0.785828726868948,-0.466771344275287
"108",0.962391961954397,-0.564114831741231
"109",-0.110209563983623,0.953937923224158
"110",-0.0702684251329707,0.997614462044505
"111",1.37877401457252,-0.458579215771834
"112",1.7383280211242,-0.38859516223798
"113",0.639143575208495,-0.496514825922534
"114",0.0787859626020248,-1.82858224394983e-06
"115",0.0400869437142606,0.0902683520253373
"116",1.57689556193881,-0.287796689217302
"117",-0.20091183441813,1.06332592341759
"118",0.998387140835757,0.144506204511985
"119",0.323511929258358,-0.122834211043415
"120",0.264925794518555,1.01529027862684
"121",0.100261245537537,-0.065602490442352
"122",1.65893039580985,-0.317579868710699
"123",1.94750517726454,0.131751044799296
"124",0.983862294542438,-0.484428560286051
"125",0.157344756212922,-0.0177648619338553
"126",0.891421118245972,-0.56434811884521
"127",1.66091816822002,-0.357718249837438
"128",-0.800243622177119,0.655224200614975
"129",-0.887394311494615,0.572426057447259
"130",0.192675519638663,-0.208585052150567
"131",0.436820710872975,-0.373581502934078
"132",1.54449181147591,-0.292623577065255
"133",0.781851288611547,0.650671663721178
"134",-0.974938244717546,0.423303409789922
"135",2.05708751947152,0.44539359317925
"136",0.104282720989675,0.139031152981067
"137",-0.900359556913825,0.514926179120584
"138",0.110122916400055,0.152039610413312
"139",0.132427545058103,-0.100306923853729
"140",1.5889970909719,-0.316329720622324
"141",0.635978631970191,-0.299897536427623
"142",-0.931900187748777,0.393856401210585
"143",0.439266577296452,-0.440380955516138
"144",0.141520619543375,0.106245619629944
"145",-0.918870188831587,0.431856031478482
"146",0.962586574408433,-0.431892296694614
"147",-0.217579219428906,0.993247161719403
"148",0.800561795783377,-0.441895294938838
"149",-1.04042347257941,0.047103059141639
"150",1.04442800351779,0.208865482493818
"151",1.81026509912907,0.077612653532815
"152",1.75960356209666,-0.00913581430042484
"153",0.902234529443823,0.578826155608985
"154",-0.0122098826247317,0.400599068664854
"155",-0.821795342385169,0.444679868249424
"156",0.193362886277167,-0.173325101128964
"157",1.71310002375354,-0.297758382701852
"158",-0.967451994832993,0.22284037060427
"159",1.05590539651673,-0.589195039439479
"160",0.504377876343338,0.887086861411227
"161",0.547195004322746,0.819841314087035
"162",0.299226491879101,-0.193671105048521
"163",1.48753711811242,-0.376295614923194
"164",0.835609161445857,0.513659310728925
"165",0.658153516689839,-0.423460871716109
"166",1.23334167913145,-0.417314496646664
"167",0.809140681070734,0.42095473908278
"168",0.746324459078668,0.693302577095434
"169",0.949127624727443,0.445078042217749
"170",1.05458654809095,0.125272876078648
"171",0.517902150533035,0.890200735223259
"172",1.76882870534,-0.0514710337762691
"173",0.205700965033761,-0.16185407569531
"174",0.739271373542737,0.68040230471654
"175",0.262667238732544,0.9356551243416
"176",0.342982783065396,-0.260147654176404
"177",1.47591158250396,-0.406119242668368
"178",-0.504363700818663,0.856305386747053
"179",1.91348403925169,0.238541631905579
"180",0.00402296045366395,0.175472118259566
"181",-0.554247160477965,0.674362836650873
"182",0.970431911423975,0.213194457752518
"183",0.928016727566627,0.114637844623191
"184",1.11442378108605,-0.505298916090988
"185",0.413874808794768,1.03799140887032
"186",-0.909651204267897,0.566536968154512
"187",0.12941710616132,0.983639593911817
"188",0.252086640359855,-0.173060766897695
"189",2.04695888641925,0.181121889802031
"190",0.668592342318228,0.790053448363897
"191",1.04094309064606,0.0459803711668682
"192",-0.942210764121244,0.466921032310684
"193",0.899338686668375,-0.583971015363624
"194",-0.948669308351544,0.430537890377514
"195",-0.0282743931561021,1.00848025053294
"196",0.377595666690195,-0.349484188919084
"197",0.177069684433468,0.978918824447482
"198",2.01013684889201,0.261437972075336
"199",-0.411131003642683,0.89255761721563
"200",1.30685517623369,-0.507744695820545
"201",-1.06035709187213,0.0386465997782912
"202",-0.73654773079391,0.808592347047002
"203",1.91021161963908,0.181974679251449
"204",0.877901105798437,-0.447352820871388
"205",0.852328280196603,0.41639770862362
"206",-0.369798604261267,0.969104716404136
"207",1.33188587913327,-0.389373431953099
"208",-0.0202688579198813,0.17674583797955
"209",0.46689378015184,-0.341575361139554
"210",-0.488443954823172,0.868593766469086
"211",1.58397880488673,-0.333800390414166
"212",0.680046276746557,-0.516741242824971
"213",-0.433419594657717,0.840947047847183
"214",2.04773671071328,0.115774949784944
"215",-0.0253816802898354,0.204912109203465
"216",0.0408677865445929,0.437196667325745
"217",1.40934716161563,-0.322897440199301
"218",0.241290313927154,-0.148644139811997
"219",0.547439036053717,0.792839258330111
"220",0.419439298954567,0.934154852912713
"221",0.990374105534744,0.317210174777374
"222",-0.93260921641894,0.226892056565474
"223",0.964144940003059,0.154370223521999
"224",0.365349764072524,0.880556350146
"225",1.96625025415601,0.28254771563855
"226",1.38200815088557,-0.428482216069357
"227",1.77457046047997,-0.0790927434610507
"228",1.27936178470861,-0.475286815008736
"229",-0.327030024669189,0.942493536493915
"230",-0.846831474094501,0.598684216568411
"231",1.821176396549,0.154144310389506
"232",-0.29701238991572,0.964663636668743
"233",0.284677945433125,-0.246231794366694
"234",0.0366190095338435,0.871614616863695
"235",-0.88268588571023,0.561392988034555
"236",0.463534263865842,-0.405212003848767
"237",-1.01928891103714,0.096581010975539
"238",1.18657971725191,-0.503268795058083
"239",1.0641993682166,0.203492006160306
"240",-0.0140801763221458,0.984261860849288
"241",-0.26053074400904,0.93773356305096
"242",0.476118513529979,0.88805288561386
"243",-0.899156126375357,0.37077983255757
"244",-0.967527153618603,0.198585696712514
"245",0.0805160558617271,0.304394100231507
"246",-0.152795178389722,0.994968198352764
"247",0.13403664323932,-0.0263781207675907
"248",0.342459857663831,0.0486160525841945
"249",0.789415987482413,-0.523685357395372
"250",1.75876815225918,-0.13635624314764
"251",0.380486895021656,0.954451430516948
"252",0.291564508580725,-0.184119050547665
"253",-0.571588615032699,0.771130523084812
"254",-0.0785815436449801,0.267424098258561
"255",-0.897296023099775,0.405562883460371
"256",-0.734993333412083,0.686952318493713
"257",-0.082653511798721,0.991224277735262
"258",0.358198692792421,-0.181583439028374
"259",0.458459467441239,-0.396925334323227
"260",0.17281111102768,0.984229230992832
"261",0.740392872023418,-0.470820954255266
"262",1.00605469013372,0.23933349193147
"263",-0.431573357218111,0.914546239261091
"264",1.69660703106171,-0.309738428764228
"265",1.93228860120573,0.376845788435368
"266",0.929764524855957,0.453515663701364
"267",2.03558773041631,0.568314539140644
"268",0.976158202511702,0.124099436904249
"269",0.463355149471392,-0.424724738977958
"270",-0.60150853894126,0.752202813845445
"271",-0.562183299244371,0.802706425264281
"272",0.572949110931581,0.839056553656594
"273",0.405519370135451,-0.279835516936804
"274",1.35751828102271,-0.454862296257729
"275",0.0966380129688938,1.01599995996365
"276",-0.890865791096106,0.537475684094106
"277",0.0862661269721022,-0.10860074676468
"278",-0.282772072161547,0.980813544883875
"279",0.471907158452041,0.926533390175058
"280",0.366001415695617,0.864811969587848
"281",0.657706695142977,0.909999222106568
"282",0.563239589444236,-0.350303642844861
"283",1.00159374021511,-0.56499354962978
"284",1.21481566404124,-0.449014209356743
"285",1.4863059343367,-0.402687795030313
"286",0.874145098802609,0.154797496685913
"287",1.83647769593195,-0.104013612886488
"288",0.0278956311202659,0.289414614756927
"289",-0.0253243302217255,0.50960488148659
"290",0.61603759730269,0.919442933399832
"291",0.0283604076835086,0.464538280430211
"292",0.75259229884156,0.689398935824249
"293",0.59099229046452,0.717414918937505
"294",0.0174167383054261,0.97864055776191
"295",0.62317963126693,-0.385545604748883
"296",1.96393617709793,0.0731098121505436
"297",-0.809626190372377,0.504688709447353
"298",2.02301180539319,0.398102861163104
"299",0.282128863977016,-0.168219476158474
"300",-0.135410540654351,0.934844762953045
"301",0.927352213853234,-0.570733860584867
"302",0.701811950590924,-0.566872168144055
"303",1.9251372564051,0.111726633225407
"304",-0.831710986818904,0.413158510890635
"305",0.381554676012738,-0.333279452880291
"306",1.90129593014012,0.0318726750411016
"307",-0.571051637765229,0.790012228746487
"308",-1.03099617999076,0.0549775372001347
"309",1.6453739627192,-0.130236087366952
"310",0.805682024291305,0.544531182932411
"311",-0.994893753183955,0.159745173204458
"312",0.126796317816678,0.142265096061171
"313",0.0505462666230864,0.010417245592568
"314",0.263522783164849,-0.167431036737699
"315",0.921280438554962,0.26806197285366
"316",-0.656304987649044,0.60164104015763
"317",-0.143498995126225,0.977203741290457
"318",0.945684630925659,0.585950607898112
"319",0.013708948009624,0.509968144000967
"320",1.72995058184937,-0.213764764312748
"321",1.75985526757048,0.00596831480158959
"322",1.15555449484583,-0.474210919200677
"323",0.195909301868289,0.924521955477674
"324",-0.931949265463874,0.384193469917947
"325",0.200642873749656,1.05685640884387
"326",2.03033128820127,0.51738536613823
"327",-0.785892079347808,0.557836887728807
"328",1.93670541591657,0.0582747983909241
"329",0.0884268634529621,0.158999846479015
"330",0.366030450874436,0.972371277420154
"331",1.07858476295448,-0.460589968833923
"332",1.25650666196417,-0.459344178237069
"333",-0.946476743146554,0.0850860270896054
"334",-1.07392474395554,0.17726444900528
"335",0.118155285581779,0.129063225045055
"336",0.0368587796445652,0.302329147451162
"337",2.05037989875005,0.157712839722366
"338",0.0531947030987277,1.02537616953062
"339",0.0191308323645748,0.275516751806356
"340",-0.057567195862116,0.414117228656717
"341",0.174004325781794,-0.151689032025286
"342",1.96309623688647,0.340024019103956
"343",0.792812804938964,-0.429731663661699
"344",0.542304551811514,0.792846730028687
"345",1.0307039891077,0.0206132466369672
"346",-0.870394328159724,0.580659957953375
"347",0.947174285907173,-0.0262906542427477
"348",-0.0359145360186372,0.235092238893507
"349",0.912322576918344,0.430157731893242
"350",0.393322432239706,0.871470913901819
"351",1.61667218478083,-0.2788597307829
"352",1.89879624247718,0.31958790427864
"353",0.143080658038022,0.908479486041151
"354",0.833447961207379,0.460589621232125
"355",0.566370115699727,0.795584785083015
"356",-0.795690130563385,0.478968405643791
"357",-0.521797532230509,0.763925249283676
"358",0.46391834952585,-0.427474634769765
"359",0.972411268499178,0.172115494484742
"360",0.328914120760474,0.989370202113265
"361",-0.330882373684515,0.879693412407034
"362",1.34019505594272,-0.452956214529414
"363",-0.356462067533558,0.927992316134631
"364",-0.223078473601249,0.927489815172599
"365",0.206803143770474,-0.0433729261311566
"366",-1.05968512404035,0.207519697488616
"367",-0.886411550218107,0.239991888320804
"368",0.727927775203661,0.569232422623447
"369",2.01409658988767,0.407058485533218
"370",1.1087552958377,0.0753162195500577
"371",-0.923453781566635,0.0497427263142901
"372",0.407517854714966,0.917457327945528
"373",0.906429009957523,0.0785306344860076
"374",1.6107599888538,-0.274863082920141
"375",1.06839852734148,-0.557376024383311
"376",1.84304667306465,-0.0284016104211653
"377",0.27446364394829,-0.21113432892533
"378",0.914474999899053,0.229287717937767
"379",1.38391033590478,-0.409745987701263
"380",1.86266785356659,0.396776776512808
"381",-0.012624845349621,0.462519121082684
"382",1.68978164562512,-0.178565735350485
"383",0.262077723313872,-0.241627352718777
"384",-0.0478842861497968,0.973582531561382
"385",0.880122056678706,-0.529893232330202
"386",0.902445368074993,-0.491365329739073
"387",-0.0190431583668057,0.0408727847232717
"388",0.707513990644588,-0.391040547737258
"389",-0.724897136192964,0.693954339232319
"390",0.37207002245278,0.914303129299697
"391",0.927815299789235,0.355252071092932
"392",0.79478800215922,-0.532710054772934
"393",-0.95785343026932,0.179511672117647
"394",0.735042315155257,-0.526674591288246
"395",-0.844149146341702,0.537471740205316
"396",1.5850729851679,-0.250572771788721
"397",0.875331834109417,-0.485009820876088
"398",0.796758110429595,-0.493820365610644
"399",-0.872318687113479,0.25863198415221
"400",0.603285927262746,-0.335369928944303
"401",-0.695869784435192,0.646880154377957
"402",-0.498993447754555,0.89435189319765
"403",0.162071564096047,0.982262132095661
"404",2.00765244899089,0.283631481169753
"405",1.97868920908711,0.382973688988941
"406",-0.805040146026511,0.470931980461318
"407",1.96241090008101,0.161135597956391
"408",0.930353883671374,-0.53760172803406
"409",0.934005934691654,0.0674049981234234
"410",-0.7545320206205,0.540485881090447
"411",-0.604119480131465,0.716754689870064
"412",-0.974534399148467,0.157933586159707
"413",-0.0552936598197517,0.985907550716547
"414",1.69304725703998,-0.20209576396489
"415",-0.811544138472595,0.595922706496468
"416",0.988753346351446,0.25906797900435
"417",0.910798400866381,0.379193470247634
"418",-0.682959663494623,0.75065022423739
"419",1.19071995873449,-0.564751041062444
"420",1.6825454045352,-0.261579389388063
"421",1.04794594201567,-0.427851498023114
"422",-0.868704448012234,0.378066482026076
"423",-0.6130382774343,0.816375405943589
"424",1.64279774445525,-0.240746966160985
"425",0.716390596625939,0.720832185479231
"426",0.0146377704750961,0.423204725593905
"427",0.128032832292709,0.956121959582931
"428",-0.47829086174886,0.912955305224922
"429",1.06618124685411,0.0761448782467169
"430",-0.775598467894076,0.623021554401856
"431",1.0248187260869,0.0581898482015681
"432",-1.016538210962,0.131742681632531
"433",1.99353538290839,0.373910296698678
"434",0.4840233937218,0.906796580964171
"435",0.643276768891903,0.716529658353678
"436",0.250730706543917,-0.0751917809069
"437",1.28240218037648,-0.457560768134898
"438",-0.658439795269635,0.773162911299913
"439",0.64780300940018,-0.494806619002945
"440",0.858833414497074,0.481915739164088
"441",-0.982523278491603,0.330829146136369
"442",1.05594929695753,-0.526800404205747
"443",-0.481049009583176,0.99891385918956
"444",0.0114697270932652,1.01056008856856
"445",1.9199345994527,0.0497741014375283
"446",1.01151166101503,-0.114709788610268
"447",0.870944922798419,0.548584588161397
"448",-0.539433254052819,0.897176504043421
"449",0.023965963518197,0.0478613294112992
"450",0.0867633045314654,0.968948270144748
"451",0.792762175604605,0.667083744525656
"452",0.803375357178138,0.553578375842177
"453",1.04734701059554,0.197931119858971
"454",0.273136209470402,-0.20846743986701
"455",0.463516299770561,0.931922781061527
"456",1.00158321943799,-0.527385767963451
"457",0.263144135318179,0.83471689149478
"458",0.0409922616865462,0.896198372029771
"459",0.52953124552376,-0.333571957520204
"460",1.84952469785141,-0.116135342036563
"461",2.01001281205588,0.341518932527771
"462",0.95468702516005,0.0562563945620206
"463",-0.961819174542483,0.555229188865562
"464",-1.0373499656608,0.178098355182557
"465",1.95909963051955,0.281156789968753
"466",0.544748148948869,-0.375624118511066
"467",1.71384515551719,-0.172760909138962
"468",1.94851776130495,0.193389425123273
"469",1.58546166398845,-0.303281269023225
"470",0.887551081423227,-0.496035598393885
"471",0.0174875828755755,0.961959088064476
"472",1.00760217312975,0.131019384614012
"473",0.765145036526573,-0.510643052909331
"474",0.188689313570829,-0.118159487384138
"475",-0.0161147583845128,0.235161333059845
"476",0.837374543637757,0.375398453562797
"477",1.97445329777064,0.550002241387527
"478",1.86991289239286,-0.15972057136764
"479",-0.0514537765609889,0.22152795968718
"480",0.981590151767376,0.134118621445041
"481",1.47660926111454,-0.368614813156276
"482",-0.623377581305041,0.783102068932297
"483",0.623551068956873,0.791506973980649
"484",-0.615059209713695,0.748300440607419
"485",1.50905031985915,-0.38306796258824
"486",0.97128706883341,-0.404529668026413
"487",1.67055038098981,-0.266694051559469
"488",2.05793558069732,0.17249503174534
"489",0.392839843133765,1.01272278572527
"490",0.611676702182726,0.798971796886297
"491",-0.630366703993202,0.909643233575659
"492",0.0854402720080795,0.00451671024736186
"493",0.666127094010078,0.825488483961912
"494",0.414683017099412,0.919745878968775
"495",-1.00173648761739,-0.0536923872868228
"496",2.04280466822819,0.504148111467668
"497",0.737136988208309,-0.425287107300073
"498",0.88880166258788,0.554820131178506
"499",-0.791947023031483,0.641674687886177
"500",1.51630455549704,-0.409061321579189
"501",-0.840593031168543,0.539072286446169
"502",-0.105038909276141,1.01180613834098
"503",1.36962274070221,-0.54764550188224
"504",0.0422573719646796,0.254584952127966
"505",0.811322668020188,0.683291554262272
"506",1.57642328518235,-0.262081695410143
"507",0.184115027278424,0.93166784935078
"508",0.946175136177831,-0.470095413983222
"509",0.256001643166504,0.969495553378074
"510",0.123463294969787,0.998779180873256
"511",0.779836073842777,-0.406278085385751
"512",1.29975072771378,-0.458159651287627
"513",0.246293649484619,1.0068459352217
"514",1.25816748100157,-0.510400982380491
"515",0.991526543120066,0.151969488481087
"516",1.42980869417278,-0.375910583670263
"517",0.168438522311042,0.036398294454995
"518",0.817818432748302,-0.43942772683516
"519",0.250525998037382,-0.167254574870155
"520",0.0282266104900834,0.452055853971679
"521",-0.176510932425997,1.0066258782957
"522",0.669382917040688,0.737935029459356
"523",-0.778768222713373,0.689070294492745
"524",2.01420934366111,0.348268233552114
"525",-0.6689005464613,0.631334440645181
"526",0.700042986168393,0.775121532963416
"527",0.12705077619909,0.966583400834688
"528",-0.615549954763317,0.80391373237279
"529",-0.638228768170963,0.784227077497589
"530",1.63793644638318,-0.255957945902093
"531",0.60137767267462,-0.368817268900104
"532",0.977976438148952,-0.535715025772464
"533",1.93356497287975,0.315331530643047
"534",1.39258928415294,-0.299979016944703
"535",-0.988392333079045,0.225843690706228
"536",1.81028005272569,-0.10166017179635
"537",1.65885736260326,-0.28955464549762
"538",-0.510121582054686,0.996818360399816
"539",-0.398897416185119,0.834219925804205
"540",1.50383123865132,-0.270006142997826
"541",-0.297766253814857,0.931551405273326
"542",1.03848095493311,-0.574859372193819
"543",0.595492415566481,0.725706735544459
"544",-0.788433566637781,0.711187315411196
"545",-0.961470245395469,0.252441713278087
"546",-0.0130589770769953,0.918063573711777
"547",0.846958642239766,0.62069641926722
"548",0.594875106811514,-0.415357410005127
"549",-0.978066055343766,0.463218352307002
"550",1.19043224841499,-0.517136135141866
"551",1.87825183584309,0.00296047009304945
"552",1.92482023391162,0.123009147247828
"553",0.954405323837079,0.379896007858465
"554",0.405748317619934,-0.322683289206819
"555",0.0890290068989139,0.148671291955437
"556",-0.336937392546912,0.884797980907961
"557",-0.117015863024027,0.918930755496057
"558",0.396080291433502,-0.334714692914833
"559",-0.921743412636096,0.308865379493597
"560",0.850389215841517,0.43095801135973
"561",0.389592847057412,-0.277221710741503
"562",1.97156199736346,0.352262086332989
"563",-0.703930337085002,0.723666550802615
"564",2.00382626012884,0.110408790459349
"565",0.0569228928199333,0.112895124954461
"566",0.861733577861878,0.705571486372354
"567",-0.747621312198651,0.702979979826041
"568",0.0491769377717679,0.252772998674244
"569",-1.04425183606404,0.210781869051011
"570",1.91826701495345,0.106200744118764
"571",0.0154923856666686,0.216828528539263
"572",-0.411690113814371,0.895505708264674
"573",-0.144124011132037,0.942843189478134
"574",0.444993207249233,-0.342964322341974
"575",-0.997800277516784,-0.022769455610466
"576",0.783241247687725,0.632166955805653
"577",0.069238945504674,0.488263008744047
"578",0.0805230272533309,1.03461092086614
"579",0.416876337251334,-0.287566806320558
"580",0.920496986062182,0.108863438498548
"581",0.682463294083933,-0.432382088758362
"582",1.59984142973976,-0.138062746634486
"583",-0.615892441822762,0.76343515391338
"584",-0.0615843692310865,1.07199431876515
"585",1.9144206923224,0.0673443949915902
"586",0.510691211776345,-0.295095819041691
"587",0.236741477351115,-0.190954787844976
"588",1.13179959466183,-0.479508553742982
"589",0.739476456224487,0.653668648835726
"590",1.79272202368771,-0.198557323405219
"591",1.57235889358423,-0.415640718810274
"592",-0.16574034884603,0.934406604031837
"593",-1.01776500458652,0.233728849290528
"594",1.00205210350555,0.158602796114945
"595",0.079119314007203,0.0845630832776299
"596",1.01484458770379,0.0469797890294648
"597",1.81607769548964,-0.144205108775722
"598",-0.980715365460216,0.171495114569545
"599",-0.703285162816217,0.717881896016057
"600",-0.959210674583749,0.262014221065775
"601",1.16008843256445,-0.458143233445175
"602",0.00561263671688145,0.315027559847268
"603",0.615970181858215,-0.479113029714657
"604",0.859001776833307,0.526447299943556
"605",-0.405013648292684,0.866729523343541
"606",-0.927943647054086,0.120512852387011
"607",0.847124866573811,0.428229361094191
"608",-0.0165911895239561,0.386430898888547
"609",-0.0942867770446519,0.252716642682239
"610",1.22094089494042,-0.534576320572622
"611",0.726582442100295,0.6425652168002
"612",0.307359650553448,-0.178594957081118
"613",1.12144965195198,-0.429976396244977
"614",-0.895723936362607,0.464041281954003
"615",0.941708100094961,0.338417412844409
"616",0.0694263884202726,0.168461544463952
"617",0.824393630127704,-0.472336874073752
"618",1.14064830963253,-0.493586260580915
"619",-0.79180681217727,0.590291854230215
"620",1.74310935126647,-0.110035643846328
"621",-0.199135972855573,0.987621664804681
"622",1.82061476448514,0.0109746573194752
"623",0.0795419563553465,0.952590940070342
"624",-0.546313941610647,0.779701393692988
"625",-0.919637411982523,0.274296795161814
"626",0.183059115237161,0.969701934923023
"627",0.290056138850459,0.859715919202026
"628",-0.270504724764635,0.9640131279029
"629",-0.660529957705798,0.714735147344924
"630",1.76277008040487,-0.187882234817972
"631",-0.373096871167016,0.866082947002064
"632",0.523990306428728,-0.396502346839906
"633",0.22847531392936,0.932237161743245
"634",0.806318049706904,-0.439653498810591
"635",0.0407534074654191,0.237637380118549
"636",1.09917838013466,-0.483576973631888
"637",0.8581059872519,0.591586155744105
"638",1.27185280219616,-0.369147560347321
"639",1.6266109558801,-0.3235497336814
"640",-0.123638773752844,0.502025416208964
"641",0.130780320624733,1.00930476953864
"642",0.243747409164555,-0.162773107121273
"643",0.0104250889495228,0.566818391834898
"644",-0.508881453735724,0.95799137170566
"645",-0.593270774783165,0.753623728944536
"646",0.268535016558421,-0.204691694377886
"647",0.418662817114012,-0.342012988163229
"648",0.192743103542179,-0.0915166652396802
"649",-0.911233408633025,0.235734023384019
"650",0.878684519051177,0.452581693556894
"651",-0.236781167641566,0.973836425550972
"652",-0.773232663766371,0.640352147834056
"653",0.436380197793559,-0.270299861401262
"654",-0.909861043338684,0.41521557371302
"655",1.68427123991044,-0.280306273431091
"656",0.184935700267351,0.968389193795212
"657",1.05257040087386,0.178306436931187
"658",0.694703109063988,0.711501009251512
"659",0.28633489276811,0.933239850019753
"660",0.652877022549771,0.636946263561545
"661",1.82372839800074,-0.18458777068274
"662",0.790306203015964,-0.510648977075637
"663",0.356343539032264,-0.254518484237429
"664",0.0970821267088244,0.18790804706986
"665",0.475781884084348,-0.27471735237383
"666",0.231006995002127,1.00577444808581
"667",1.79512195889877,-0.117099016185688
"668",0.801095049316169,0.567066334275725
"669",0.946899827248989,0.240960696470733
"670",0.637972195217664,-0.366622686176382
"671",0.304444614944291,-0.310947839043214
"672",-0.00180760885784924,0.451750400555504
"673",1.81047369985809,0.354936350028694
"674",1.01338876191565,0.238449217474182
"675",-0.7984949440223,0.460701174131808
"676",0.751566499060312,-0.415832468908456
"677",0.247444646096999,-0.177784308924404
"678",0.12230199844847,0.258486665427126
"679",0.20117876955866,-0.173880658696099
"680",-0.837225204055612,0.669823790267275
"681",0.783700511651975,0.665508739587234
"682",-0.0180396533617005,0.370109098719582
"683",0.437818239495071,-0.347291373712527
"684",-0.195249194467206,1.0726742575635
"685",0.0603872756834981,0.278019485152998
"686",-0.91369456647001,0.429942862039498
"687",1.45796936255104,-0.290434588298585
"688",0.070242383598036,1.07692254141624
"689",-0.477699789213543,0.934233344394868
"690",1.76587588684095,-0.226672533505852
"691",0.592394465495186,0.83798593573844
"692",0.950504527837005,0.419898469477019
"693",0.123299641807644,1.01298584781941
"694",0.62429102568108,-0.421913576826005
"695",1.34374841649932,-0.465895036973412
"696",0.650881313649521,0.698265930332643
"697",0.84432511691087,-0.42358243144209
"698",0.269609486593113,0.830783595977631
"699",-0.123863222384635,1.09888479685908
"700",1.70233567848308,-0.181973694043922
"701",1.36133949689297,-0.412906398135949
"702",1.06288289403403,0.319179165855887
"703",1.86966933454764,0.234356499010236
"704",0.689880758627229,-0.357274626254983
"705",-0.484569100249559,0.882116868238401
"706",-0.0289647999691382,0.400625593200717
"707",-0.918874310407336,0.469227384835382
"708",1.11343325650907,-0.500161026584252
"709",1.65272170076841,-0.21977734048423
"710",1.88037845631697,0.279036538648558
"711",0.905363891337008,0.4137035957748
"712",-0.630856140776188,0.785450202102778
"713",0.98178953953934,0.17225392832614
"714",0.414366441675692,0.914970180400031
"715",-0.0221599189559358,0.919562138838835
"716",0.888195081230548,-0.436918721045393
"717",-0.0412946670491912,0.145085315449582
"718",-0.899382812174643,0.418387124122345
"719",-0.506611415489853,0.886181927114938
"720",1.1025574189645,-0.492328312050394
"721",0.13844122716332,0.981427578399271
"722",1.27233983330692,-0.441868372502948
"723",0.958766802955842,0.232283781842554
"724",1.35193530431395,-0.466712516536105
"725",0.772700949208648,0.66128750262866
"726",1.82729241164468,-0.0728497663022615
"727",0.0979166998109468,0.0141836522669326
"728",1.77924410979734,0.00171623765175803
"729",0.209754901560778,1.0213425353582
"730",0.731039428811511,-0.46500569291681
"731",1.13254914906559,-0.472395115943636
"732",0.0882173671250283,0.924142751008276
"733",1.6814111638685,-0.12595795579887
"734",1.77332387194782,-0.0671475547799568
"735",-0.417046923168843,0.938814779372901
"736",-0.940900620230979,0.401605349175751
"737",1.06330883279876,0.266845501390154
"738",1.92671673145177,0.273951176410337
"739",1.61818084723222,-0.322080523467206
"740",0.928029217385339,-0.481318759510832
"741",-0.99693079585487,0.294634363193922
"742",1.46684807292198,-0.427067706670187
"743",0.145702123175365,0.978155772618796
"744",1.86371398204185,-0.0914112003074903
"745",0.313786436946548,0.962891104642688
"746",-0.0155163478929046,0.371711323046493
"747",1.81446633248608,0.104111679690267
"748",-0.703468567135101,0.829161545142943
"749",-0.219408816032244,1.05691176863577
"750",1.8471641456757,-0.0679386674915405
"751",1.64908180988778,-0.430068837880498
"752",1.96364392790222,0.0957399613697478
"753",-0.233575695928044,0.912698964753373
"754",-0.254143728973588,1.03461102284681
"755",0.947021955186257,0.359080594506422
"756",-0.495803544415474,0.776956976245197
"757",-0.0102192487813971,0.0946841766197338
"758",0.134275498979108,-0.0849272155050027
"759",0.385201253314112,-0.217823683977246
"760",0.14711292734029,0.920659230503662
"761",-0.552964068678091,0.813834518432497
"762",1.91717546548437,0.299968029882965
"763",1.23879485590197,-0.489206451252978
"764",0.806172773377269,0.564016055167192
"765",0.562590153903541,0.851648918781067
"766",2.0651157425834,0.576775733286846
"767",-0.20923532684519,0.939667936864801
"768",0.586168541851521,-0.443557894941838
"769",0.213570840131729,-0.185088252560164
"770",0.0261458167070812,0.417266506020331
"771",0.888511280235913,-0.501654818110716
"772",2.07686468543917,0.39037424928823
"773",0.110074481090022,-0.0727914576903317
"774",-0.702487583313665,0.656149641595916
"775",0.112400473673712,0.998403770531954
"776",0.970427635409724,0.408279023374065
"777",-1.03710980746554,0.364118565778625
"778",-0.973273802962989,0.242688146112861
"779",0.572524975160948,-0.451005050303869
"780",1.53014595941777,-0.409320915550144
"781",0.513327619056635,0.751046281409088
"782",0.501971897005322,0.872709616663453
"783",-0.0953672101058086,0.509063316128931
"784",-0.8766112005525,0.247547368134917
"785",1.56059539843979,-0.2669344750493
"786",0.27257529156258,-0.262411465199338
"787",-0.518969613790403,0.897349071700891
"788",0.488126218725045,0.88685722565118
"789",1.80154042949388,-0.205026415146808
"790",-1.02321879324806,0.0799875549054159
"791",0.771314270060815,0.605260732897447
"792",0.704481918082163,0.600301528391171
"793",-1.07080956138532,0.0742742187065328
"794",0.890177589823606,-0.527951298484225
"795",0.9330212590527,-0.459873826449782
"796",1.90646876424146,0.0281927636744085
"797",-0.33157672942114,1.02112719419568
"798",-0.0475488876949789,0.193270625917375
"799",1.91795792963517,-0.00901204007892741
"800",0.961895363725126,0.448328112854829
"801",0.80556872238597,0.325808806368268
"802",1.32961816379234,-0.469317355644604
"803",0.185346799478604,-0.048335332669595
"804",-0.115227404273468,0.937910615505003
"805",0.770946584917373,-0.469683130600066
"806",0.968596372583244,0.455541916182092
"807",0.926831614732083,-0.541945948810961
"808",0.541606638863769,0.80499326937093
"809",-0.564031451366254,0.875822996120633
"810",2.05763079298961,0.37608670835846
"811",0.140187914500494,-0.116968228096268
"812",0.608815067739245,0.891560499896674
"813",0.924562034890435,0.502568866110099
"814",-0.369075942117703,0.962036308418226
"815",1.48449368108848,-0.258392434062389
"816",1.70064575971119,-0.134131913912572
"817",0.00408467112439449,0.403134534800322
"818",-0.77846873984538,0.647699597952078
"819",1.79440534413254,-0.0963942199889151
"820",1.07199258530959,0.205204458120411
"821",0.577728227632186,-0.370940813275739
"822",0.194561459240348,0.98262613917038
"823",-0.855157309750016,0.655290004770081
"824",-1.02212406950236,-0.0162342350164306
"825",-0.0726107663427333,1.06876072264932
"826",-0.502487764692178,0.793466215167881
"827",-0.965752274451407,0.255553384210757
"828",0.964323012182535,0.354031650546315
"829",-0.832630718030786,0.644305158295944
"830",0.415496897324216,-0.287617630573881
"831",1.48339260866203,-0.407043913391704
"832",0.240532245114264,1.03822653133538
"833",0.889738439219884,0.587310305139908
"834",1.97743089859674,0.199799686357908
"835",-0.994073321933363,0.145032044368637
"836",0.491942278702125,0.871267580277403
"837",1.94385655924172,0.323827839106651
"838",0.553875641422791,0.974438145824801
"839",1.74983279328693,-0.211385150212548
"840",0.817430230141064,0.68311904501942
"841",1.02548594114273,0.311844585521264
"842",-1.04181267653467,0.0652829629551667
"843",0.927883913849538,0.266655365405141
"844",1.05549074088041,0.000753593161238394
"845",1.61793109822245,-0.179945685587459
"846",1.86425035666974,0.00713039574762365
"847",-0.775087611831539,0.59384512832636
"848",-0.77831481101665,0.724097596504273
"849",-0.265298121687689,0.911708582864014
"850",-0.00673059094429662,0.213445641042434
"851",1.79614915378609,-0.0776590729587134
"852",0.0460053455320963,1.0416945055113
"853",0.278434616353019,-0.367632891541625
"854",1.05630165635776,0.00375192064140119
"855",-0.827517829833391,0.478342725421872
"856",1.76186991599813,-0.141271912962525
"857",0.203480706946221,1.03596127931878
"858",0.578188241897011,-0.455237519844955
"859",-0.353863702650037,0.89179014361197
"860",0.978292108642886,-0.505723847141832
"861",0.304723222664101,0.872209109689338
"862",1.9680290523825,0.448676138383289
"863",-0.948101845968491,0.504909712518245
"864",0.749021007983649,-0.430915886907204
"865",-0.16810328951042,0.936456490921809
"866",-0.929200037457279,0.402479398772867
"867",1.9694307889367,0.241905856892473
"868",0.139603788924988,0.0262844604785798
"869",-0.917266675802944,0.414950052809015
"870",0.414749968864106,0.919977663313058
"871",1.13726361361161,-0.556663940344989
"872",0.692865118796571,0.682379102493049
"873",1.69150823795228,-0.117562655701116
"874",0.896427905653623,0.362007323435347
"875",-0.894701261044564,0.114667938679544
"876",0.60602660313466,0.829338721484414
"877",0.00277852308392107,0.040400213149641
"878",-0.788992160385199,0.559567943867821
"879",1.0151918549842,-0.0631493718435812
"880",-1.1272060594945,0.0339435192547183
"881",0.0896618173469632,-0.129168018640895
"882",-1.00832742626219,0.307762711256401
"883",0.857693383470696,0.487736132911332
"884",0.156809154811343,0.0457693670193197
"885",2.0397531660293,0.53607344233038
"886",0.922406670606513,0.483239468377703
"887",1.02395420427428,-0.459292052488915
"888",1.42277359501896,-0.362876805380108
"889",0.0776945009610619,-0.00575495906710996
"890",0.765988562698845,-0.403496120205285
"891",1.75528024939534,-0.071935808193943
"892",0.628866419009277,0.845062254431032
"893",1.86535585030745,-0.0943221135214273
"894",0.837604643424022,0.5764194094764
"895",0.856077212047539,0.376384190504744
"896",1.9808835880827,0.297995470662029
"897",-0.494305629414136,0.876457433679691
"898",1.16309769563342,-0.499559058812639
"899",0.82271820416289,0.631627264403477
"900",1.57327078326662,-0.323713431258086
"901",0.539157032213561,0.91442840141602
"902",0.115841900706582,-0.170725046606155
"903",1.88664480670415,0.0883086575301614
"904",0.491618633873352,0.831360429275029
"905",1.23757120059932,-0.536247802090195
"906",0.948462878855493,0.315025622225855
"907",-1.00079120678552,0.0771473540749027
"908",0.0636073259367589,-0.00355889118370914
"909",-0.0384137911213813,0.208159114314848
"910",1.71357517365917,-0.201461781452723
"911",-0.77761212793936,0.553862360891223
"912",0.529973732435648,-0.278544710411585
"913",2.01190620694068,0.490380352221659
"914",0.0251602247481373,1.06447775919993
"915",1.85178008790151,0.117649048595244
"916",0.88373137105392,0.59613916580116
"917",1.89590040438243,0.255129179734316
"918",0.812409861989157,0.507357091383974
"919",1.32298569742608,-0.48768831484861
"920",0.239076533871948,0.914061568287608
"921",0.161163404957862,0.954431421638582
"922",-0.714085230839269,0.747340337686015
"923",1.0999385709363,-0.481122689207502
"924",1.31643019061077,-0.43905106961829
"925",0.637416565262335,-0.452222820280726
"926",0.709381973325242,-0.493667733348889
"927",1.02262816948327,0.167742685010107
"928",0.314549605522621,0.977636326149874
"929",0.768384548363396,0.64818152331221
"930",-0.293144674858501,0.912156463180624
"931",0.860515778947715,0.186809226972767
"932",-0.788605436538051,0.72158247236578
"933",-0.666886664933743,0.769339187741583
"934",0.646929522218597,-0.426945980311225
"935",1.67247910086011,-0.225886827125277
"936",1.47601636724804,-0.372135975655254
"937",-0.84295208579999,0.342001256963723
"938",-0.0648260363017608,1.00572972566054
"939",0.0636799114746167,0.0272350570355278
"940",1.44732660204676,-0.402176952066848
"941",1.53273821842306,-0.302256349677344
"942",0.295972938680582,0.991352345604448
"943",1.38063059271136,-0.498409602666571
"944",-0.302976177667737,0.941200516886686
"945",-0.49343169655164,0.859237315657168
"946",-0.999601301925784,0.336260418118572
"947",-0.830666275081196,0.718991523260123
"948",-0.980283176172864,0.155476668969536
"949",0.391268922122318,-0.37031998696582
"950",1.09941102166353,-0.559854355722505
"951",-0.275466327298731,0.98620017815544
"952",0.487357503576221,-0.413786498048853
"953",-0.378258109275107,0.827066954378749
"954",0.496749757516689,-0.299648048906825
"955",1.51507632858881,-0.303851431794308
"956",0.0266835027226307,1.01493186269955
"957",-0.09879974181219,1.02051557519929
"958",1.03571759864822,-0.450236812881503
"959",0.792161322435978,0.729021615884845
"960",-0.658070902681238,0.573860813391793
"961",0.320032827985715,-0.230939655134301
"962",0.829639425666382,0.565705903000374
"963",0.0189658101809224,0.442025062417079
"964",1.60636831416537,-0.204380566507214
"965",0.484740668223024,-0.266998415830843
"966",1.31396375497088,-0.456586119006153
"967",0.573980054264287,0.751019582198565
"968",0.00784377136237588,0.247141731671421
"969",1.50972795084557,-0.329699466554051
"970",0.142883768795194,-0.0177390101403127
"971",0.0108143936723212,0.220911106765473
"972",0.0792496669769394,0.26228018865469
"973",0.727430611926806,-0.430450112631493
"974",-0.52945608505848,0.783135214266492
"975",-0.314719161484888,1.02343948357018
"976",-0.849428691608762,0.474732360824063
"977",-0.221593122778366,1.08923928934892
"978",-0.987279245030367,0.22974303148397
"979",0.770742784792521,0.652182218900054
"980",0.951870438994756,0.0109461379389187
"981",-0.856354213029066,0.525437502773462
"982",1.02935351779995,-0.452735828117273
"983",1.42413261132571,-0.47435374563702
"984",1.80152046364485,-0.0673701922701112
"985",1.74451951094479,-0.369512185161046
"986",-0.0434616866948078,0.403861937527649
"987",0.724772428294729,-0.651344059168228
"988",1.92216862057568,-0.0393688356121887
"989",1.01802017469868,-0.447123346630926
"990",0.764844705122524,0.618281411205316
"991",0.930602604008878,0.502057390300334
"992",0.476355416712763,0.920287921186237
"993",0.33423200179969,0.899142681190609
"994",1.71680525299434,-0.234778298636142
"995",0.902125645714539,0.227534299309014
"996",-0.364474237079276,0.933140633579821
"997",0.214953191522358,0.00356568138518574
"998",0.0922347597514982,0.244482430011281
"999",0.893276372815568,0.390846858502408
"1000",-0.483334325328985,0.914562681852603
"1001",2.01890370862199,0.0712564949228943
"1002",-0.814642749150479,0.442269034113723
"1003",-0.613654543592346,0.810521068976737
"1004",0.762009369270978,0.419123358842528
"1005",1.43470636159595,-0.337771995374647
"1006",-0.842736829890845,0.65762103750133
"1007",-1.04858878512325,0.0545607074738752
"1008",-0.0218566383170807,0.279999017961044
"1009",-0.490033992698264,0.897322586459256
"1010",1.86795707742345,0.0603741297718546
"1011",0.317957279235168,-0.226475082123716
"1012",0.0956545242348773,1.0391851544937
"1013",0.971460189062041,0.0303929694866912
"1014",0.844059448126233,-0.602619638781498
"1015",2.05775096371181,0.335419428390614
"1016",1.54038800071878,-0.310742469680345
"1017",0.871085284263416,-0.605143179031293
"1018",0.402828792346847,-0.230709444264749
"1019",1.78558937116027,-0.126330659634968
"1020",0.0435473623858593,0.290105442762538
"1021",1.02527100632883,0.189323964800745
"1022",0.518895595607729,-0.331696943621642
"1023",-0.902327336102242,0.351791670245015
"1024",1.01740912446856,0.106654768306836
"1025",2.00471461555451,0.289078278805942
"1026",1.10910040479331,-0.465286937711434
"1027",1.37337021318502,-0.43998784823698
"1028",-1.10111249776233,0.0694479534865244
"1029",-0.020435579904113,0.400366907918782
"1030",-0.222363574360991,0.941012372543006
"1031",0.926766706338374,0.542129248385783
"1032",-0.224489213878355,0.917377272887591
"1033",0.937604695988691,0.0703155376362698
"1034",0.333241893140277,0.953593308561831
"1035",1.41987502943476,-0.359572534549225
"1036",1.93306155790583,0.00495220143365942
"1037",1.82553885473089,-0.153957713730262
"1038",-0.725908162298954,0.701590274705023
"1039",1.18299963459752,-0.496431008911706
"1040",0.979850599041963,0.278703642516472
"1041",0.747287191860785,0.613190069307796
"1042",-0.880120415409784,0.44653838593772
"1043",0.956755818017686,-0.49520818655786
"1044",0.54146219806818,0.889929559178777
"1045",-0.0109365158862959,0.335959428204987
"1046",2.04988256370374,0.312683881436916
"1047",0.0326649707430247,0.993500273754368
"1048",1.31491471490231,-0.33789068694774
"1049",1.82755292064335,0.0556172549490437
"1050",0.0151352679929495,0.207463018838869
"1051",0.321187545041937,0.968582221096769
"1052",1.95968047525829,0.0432874877757945
"1053",2.05166333222425,0.440216272818865
"1054",1.23495538678951,-0.527606311130569
"1055",-1.00670828966579,0.135336530737056
"1056",-0.0134631772304653,0.296578865558645
"1057",-0.900125417356671,0.387637582034918
"1058",0.0624481842229812,-0.00227246121869194
"1059",0.739082745641063,-0.429045210548754
"1060",-0.945327648509106,0.00282175758282968
"1061",-0.319396069020162,0.996699309972193
"1062",-0.81879145617858,0.544159669505338
"1063",0.295365458506927,0.917985978990406
"1064",0.238260259889621,-0.0303679779348858
"1065",-0.0328493612358937,1.01117777036501
"1066",1.89053913585687,-0.0487107715300719
"1067",0.069270240155098,1.05116208773687
"1068",-0.817973972459346,0.540803322272228
"1069",1.50698762993325,-0.389106813979011
"1070",0.865009913352637,0.570521148791821
"1071",1.27259604672195,-0.403276035335427
"1072",0.831473352088156,0.618589036370635
"1073",1.67754222118214,-0.306636858625384
"1074",1.86366370148059,-0.0150443166222521
"1075",-0.983659712488672,0.219491933103288
"1076",1.40935611882839,-0.440830206765203
"1077",0.556734762992696,-0.362752679645796
"1078",1.54204929318423,-0.293176694608104
"1079",0.275146411072273,0.922392003544281
"1080",0.83974591833907,-0.56584005226688
"1081",0.594927663269402,-0.416774372875605
"1082",-0.859590912365976,0.530238259236602
"1083",0.878810615099277,0.444529541488166
"1084",-1.08928355285617,0.174896211000495
"1085",1.93396100809033,0.0965533696808001
"1086",0.800157590235582,-0.49527942489019
"1087",-0.962623563959314,0.25542253007539
"1088",0.454111151840188,-0.262031653450555
"1089",1.74618657573083,-0.0397072939327179
"1090",1.0153089188511,0.405266536863315
"1091",0.0842660015201707,-0.0211841207989564
"1092",1.42505704793733,-0.426102458805139
"1093",-0.0506122107647589,0.295493489913175
"1094",0.290405769709236,-0.221576244432424
"1095",1.05321237299731,-0.476350440952138
"1096",-0.965723889005385,0.252549044838368
"1097",-0.515182311218376,0.923971511164983
"1098",-0.520874104440185,0.80091336335424
"1099",1.71709026834223,-0.198103468941911
"1100",1.38384842325056,-0.378162394245753
"1101",1.91479939687816,0.0857498302748934
"1102",-0.135729372734396,1.05552725757917
"1103",-0.982775783216353,0.0168768522921291
"1104",1.04356670881077,-0.534758207981996
"1105",0.767395094614127,-0.499783265188995
"1106",-0.858275502559316,0.439047887431753
"1107",-1.00734073983768,0.156549968068945
"1108",0.442302840312276,-0.335325266460568
"1109",-0.643249303460743,0.715743226753242
"1110",0.154169746025368,0.0587913497298348
"1111",1.87448617501456,0.179509163402399
"1112",1.25774194866166,-0.507674363125461
"1113",0.842887206083104,-0.535426047491713
"1114",-0.95822653016204,0.165487840117597
"1115",-0.884654385752529,0.39730032885221
"1116",-0.277569948045848,0.989902609946334
"1117",-0.0275547226771176,0.435179879896354
"1118",-0.898964137634885,0.367345330818688
"1119",-0.96801691096249,0.0805192695574958
"1120",-1.05201960971969,0.159804655557653
"1121",0.489639166414856,0.90946326923452
"1122",0.295100388082275,-0.33425562970715
"1123",-0.29375076946341,0.941093785991542
"1124",-0.962256092264158,0.0271250756697467
"1125",0.89219329015486,0.474452302683801
"1126",-0.74280406755443,0.616451972744721
"1127",-0.28064920203198,0.94242042513656
"1128",0.566586192539546,-0.427991747629003
"1129",0.150307747374874,0.868715820218658
"1130",1.23821574998594,-0.490968308289555
"1131",1.53083179410864,-0.258454176603656
"1132",-0.936692261248769,0.285366329474147
"1133",-0.731766147622441,0.691292031968517
"1134",1.94011612155343,0.476755283664563
"1135",-0.942539608443039,0.330770487058015
"1136",0.287592420336273,0.996836350485293
"1137",0.452777568952932,-0.379058524386302
"1138",-0.149536999757207,0.973973552308214
"1139",1.03211891521086,0.337237941460371
"1140",0.161169492592883,-0.178614616852014
"1141",0.524032294895155,0.88196783840238
"1142",0.605677656140672,-0.43366668125139
"1143",1.90302898011877,0.080978143836171
"1144",1.41140178654944,-0.401392823193676
"1145",0.0861603053119473,0.00262379278857024
"1146",-0.112261893573726,0.627420335824591
"1147",-0.958405796165215,0.0325715580698158
"1148",0.265949048846031,0.878926698312576
"1149",-0.330154295496961,0.93049324240988
"1150",0.810519912502542,0.604709380459579
"1151",0.965496629071608,-0.467290780197542
"1152",1.01502486123618,-0.529315127757174
"1153",-0.0218819201535152,0.411085021769505
"1154",-0.628660371070809,0.735647733029844
"1155",-0.865101574859611,0.589041946287987
"1156",0.531753472688528,0.849086722011748
"1157",0.368137731857363,-0.239756937775257
"1158",1.11155489974491,-0.505975835514633
"1159",1.00057546716875,0.216265052268459
"1160",0.309628635416547,-0.180463894967618
"1161",1.97016465476813,0.238080181595448
"1162",2.01550108349271,0.487637194254623
"1163",-0.668824408823315,0.801821409787825
"1164",-1.09099247608001,0.140943293130557
"1165",1.46455069014974,-0.389068515022465
"1166",2.04764921079092,0.353706643027756
"1167",0.812123867739601,0.377782087709635
"1168",0.993445774848378,0.401214897787927
"1169",1.86662350896557,-0.0573978500637245
"1170",-0.615063755116306,0.784470474251272
"1171",-0.493770460251134,0.926330503372727
"1172",-0.703263158404631,0.706534973941084
"1173",0.83308019484748,0.593097794388682
"1174",0.419677775307085,0.932303424728254
"1175",0.0612894806812896,-0.0299863360218975
"1176",0.111869199276325,-0.0325835875896123
"1177",-0.508201190438715,0.721360026597118
"1178",-0.0495910394239755,0.462859035509204
"1179",-1.08473157126007,0.282470103760437
"1180",0.279268182740454,0.979542731397098
"1181",-0.336196880780287,1.00935673043534
"1182",0.138583309717783,-0.0373142484289656
"1183",-0.845177347251556,0.573057220533624
"1184",0.0486508707215546,0.212818229953276
"1185",1.9989072179842,0.436598412360618
"1186",1.52480963005749,-0.310845971117318
"1187",-0.852273114909878,0.693712445260063
"1188",0.312211890301797,-0.137076713186067
"1189",0.604822469377355,-0.414580293663338
"1190",-0.0220989237940238,0.961760316052548
"1191",0.99027712183554,-0.520190042365398
"1192",0.0580579411324025,0.254648821175339
"1193",1.94775988168398,0.0714211596061447
"1194",0.31499716363201,-0.302236146629822
"1195",-1.04303143548902,0.0445601559800415
"1196",1.10664756304481,-0.435029373274525
"1197",-0.211299411918107,0.940982188045098
"1198",0.934625800605137,0.316288664656554
"1199",1.96434666458349,0.230726429574804
"1200",0.721663601932905,0.671392359860054
"1201",0.146093182225123,-0.0504807883408475
"1202",-0.342076316653748,0.937329169284384
"1203",2.01161158572078,0.448573216068298
"1204",0.974391152634123,0.314916285949906
"1205",0.298786255890744,-0.143717475328537
"1206",0.955922030438146,0.324981629482564
"1207",-0.408658197176746,0.963721998505759
"1208",0.742804094513622,0.680852325704655
"1209",1.74370929263539,-0.181210443741087
"1210",0.314714134343968,-0.137709628071698
"1211",-0.0920311918553042,0.961372390813232
"1212",-0.702479349210851,0.769794816085675
"1213",0.839016947399394,0.400835228771582
"1214",-1.04131816137647,0.316274367389885
"1215",1.84600853871691,-0.0766182444670736
"1216",0.407674063912125,-0.321501627928357
"1217",1.97689400402384,0.284720789993992
"1218",0.337384556217575,-0.334259760736286
"1219",0.586201228671544,-0.36888451048626
"1220",0.432562784377768,0.924589974876584
"1221",-0.879774610298888,0.345696725907465
"1222",-0.0143945722131456,0.313793468023246
"1223",0.503783415499023,-0.239653561901858
"1224",-0.407768316334322,0.914401280430354
"1225",0.916260067292698,0.444224880331786
"1226",-0.418968504589958,0.901273685294976
"1227",1.1116429002697,-0.45259998141149
"1228",0.937453784154704,-0.527681189669721
"1229",0.835120234108812,0.624567604047077
"1230",-0.851018409763468,0.375569706070613
"1231",-0.915210244069107,0.378374922323649
"1232",-0.0642439866812147,0.327803243701435
"1233",0.659793740009754,0.708016068732304
"1234",1.3357927099522,-0.448513821635254
"1235",0.410419504286352,-0.310220917377824
"1236",-0.162191805407703,0.998458687102202
"1237",0.22366104230227,-0.198823072555097
"1238",-0.570357756819409,0.831877276903983
"1239",1.0323239611685,0.129680600214592
"1240",0.217018712086915,-0.00304228286600613
"1241",0.261615481985415,-0.285742212499796
"1242",0.0487955804683891,0.984812878200044
"1243",-0.2549382815729,0.994803765932127
"1244",0.898794021529873,0.0468378851586124
"1245",1.06966937555916,0.126048149874686
"1246",0.440227494373173,-0.285023523940942
"1247",0.136637442943305,0.198050506206439
"1248",1.12062449249953,-0.477246571062272
"1249",-0.973364477308564,0.339979014864481
"1250",0.053697578842352,0.231351215372901
"1251",1.26215746683518,-0.486460498426457
"1252",1.8393161251942,-0.0811254768051589
"1253",2.05257756585138,0.427548368476541
"1254",1.93226639167537,0.410544299277282
"1255",0.306281539209321,0.951113618954895
"1256",-0.0753402441966415,0.944024792147361
"1257",1.89891745960269,0.198504546611235
"1258",0.981225340311773,0.336561652461885
"1259",-0.921751324570799,0.360199700918742
"1260",1.07371497026623,0.279362131002554
"1261",0.0374500117328589,0.350879668151883
"1262",1.24263222603361,-0.449358994983745
"1263",0.27118980299447,1.00629699240703
"1264",-0.955722237672755,-0.0221541914612631
"1265",0.398928687603909,0.84962319888232
"1266",1.90554124209035,0.235736637539474
"1267",0.849079743789314,0.49068375053716
"1268",-0.957821097645297,0.300314200259048
"1269",0.417028275810046,0.889683047183428
"1270",1.93453445962206,0.306649713717971
"1271",0.479683215404,-0.294547468586358
"1272",0.0349862244610947,0.360210427744589
"1273",-1.03883686596683,0.211337322346454
"1274",0.20510332310689,-0.0707585559717842
"1275",0.190625531455836,0.037918375179775
"1276",0.645647433660741,0.80143439836845
"1277",-0.628090502050012,0.71548701701731
"1278",0.73275981547586,0.664974186974797
"1279",-0.59056312237819,0.775440906778096
"1280",0.285149369125476,0.959786002270564
"1281",0.800147322295396,-0.467614066044101
"1282",-0.000920600734442799,1.0325166180505
"1283",0.455245658930046,0.893279365031118
"1284",1.05218054865039,-0.47525650278411
"1285",1.2265881226292,-0.425567149851357
"1286",-0.432089591013003,0.925309127163994
"1287",1.8295436700981,0.255384180605441
"1288",0.944458204621153,0.191712748246392
"1289",-0.51015768356618,0.832587156142601
"1290",-0.930725610051434,0.161548756816266
"1291",-0.922595126817275,0.329888112229274
"1292",0.707978945357691,0.739976099525976
"1293",-0.613215886224993,0.766707968676918
"1294",1.25835304031712,-0.470191178736174
"1295",0.927008533015442,-0.498519527590497
"1296",0.324841716193,0.903054914422034
"1297",0.871481532171181,0.453519227800224
"1298",-0.0544990372122666,0.421917030482721
"1299",0.141363406740346,1.01046299578428
"1300",0.827176493661104,0.712773523831727
"1301",2.01685185442542,0.47630762918795
"1302",0.929436622189777,-0.456706402375089
"1303",2.04230515549277,0.548996679393067
"1304",1.90168078432716,0.163530412885881
"1305",-0.930354798749389,0.407546963165455
"1306",0.479895180750472,-0.351491284221726
"1307",1.98388708625614,0.347194471024218
"1308",0.0176705733272105,0.484723220669619
"1309",1.63973068660081,-0.290390299147038
"1310",1.93234085301098,0.0719133125693755
"1311",0.501825418598852,-0.28124049209985
"1312",1.92131142512725,0.0879506684491868
"1313",1.27218805008002,-0.498398469127013
"1314",-0.179918241780056,1.05113695296641
"1315",0.453131882190833,0.83501793818586
"1316",0.576610665201237,0.91866747463805
"1317",0.918902363384232,0.0509460107295133
"1318",1.66126852519117,-0.274173317189655
"1319",0.937542313832429,0.311416733632332
"1320",0.432592217439722,0.982485959090633
"1321",0.812409026844186,0.676360242916306
"1322",1.79715917778569,-0.225232470324684
"1323",1.85136909162351,0.0195089728374353
"1324",-0.283105431584701,0.926137049314783
"1325",-0.332006470438775,0.897045217162926
"1326",0.697053171640487,0.674013115857657
"1327",-0.584868799500373,0.754202023671027
"1328",1.41047800145579,-0.486354626961804
"1329",0.28775008321465,0.903310021542608
"1330",2.01271752788955,0.390409784715197
"1331",1.90322110990163,0.379131183953096
"1332",-0.196605977024405,1.0336050809733
"1333",1.91860410934609,0.333566965234401
"1334",-0.511178490940824,0.915872140068957
"1335",0.251228253273524,-0.121686525731095
"1336",0.424416362407103,-0.28007688708853
"1337",-0.827322180685968,0.63658724056447
"1338",0.723173759283523,0.733239340692266
"1339",0.314637695069893,0.91834901706392
"1340",-0.198637327921226,0.852728194844844
"1341",1.40393791523034,-0.40267909914333
"1342",0.169446053295866,1.05923182756961
"1343",1.86114740872656,0.020544393736445
"1344",-0.875107576309041,0.614762468112468
"1345",-0.431734415419882,0.877782171715126
"1346",-0.473135826528353,0.95848372276835
"1347",-0.00545782782273648,0.493190865672222
"1348",-0.779138942560808,0.79140368372535
"1349",0.0625828326738271,0.223050211471479
"1350",1.45041688070685,-0.321252337431265
"1351",1.45799870848645,-0.323413193190346
"1352",-0.521386095130121,0.858723959233386
"1353",1.15984030313041,-0.501401772823554
"1354",0.205772810191844,-0.0829813723510246
"1355",0.452967597038065,0.808903908551526
"1356",0.63224430159657,0.83470438972574
"1357",0.0275680666847495,0.405447018747795
"1358",1.00563377428984,-0.0606693527112298
"1359",1.1731546621133,-0.403368671560748
"1360",1.41581295229822,-0.36057448615123
"1361",-0.755428059105857,0.645589735319945
"1362",-0.921455550625675,0.104212828485498
"1363",0.319172029269627,0.959074510692162
"1364",-0.721720258910236,0.629172952284225
"1365",0.559405151086726,-0.415353881898746
"1366",1.154912526408,-0.486450163444586
"1367",1.87462719592331,0.186733487506949
"1368",0.129949055335644,1.02578989670181
"1369",0.915930586624952,-0.45378726436946
"1370",0.965286730805774,0.0478803650482136
"1371",1.6597131170548,-0.28938264405655
"1372",1.05869021379311,-0.531482482480696
"1373",1.30017862950651,-0.47647107570052
"1374",1.01156902833677,0.0497039688305503
"1375",1.93592682209643,0.205163400509829
"1376",0.647293644598313,-0.501768198654667
"1377",0.196951897495403,-0.131321205621314
"1378",0.768646507613237,0.625615573798375
"1379",-0.268717058294726,0.917226371209226
"1380",0.910210889601981,-0.515726729028768
"1381",1.5173112731822,-0.313104776380013
"1382",-0.89619366109563,0.268710307701075
"1383",1.07993990435085,-0.470746927764138
"1384",0.819778134877749,0.514924892256881
"1385",-0.945709653359528,0.255478949983708
"1386",0.122346240772443,0.051893671103669
"1387",1.78760218093028,-0.139644740569204
"1388",0.752995096562431,0.515553040221103
"1389",0.180699900129536,0.00622568074732163
"1390",-0.812868055163604,0.575579083807177
"1391",-0.233209172787733,0.953956628105913
"1392",0.423760085986463,-0.306385026698098
"1393",-0.760465257682757,0.707429689651809
"1394",1.75259019970378,-0.159040120380927
"1395",-0.0474168923755919,1.14252729830347
"1396",0.103934790741897,-0.0661284677806345
"1397",1.71657181353166,-0.148446640770876
"1398",0.0623181945118546,-0.103880358323153
"1399",-0.899097163901914,0.400504492849702
"1400",1.18318268594597,-0.511290256500565
"1401",1.9021933172282,0.154400757162157
"1402",-0.103014758431407,1.00528974050209
"1403",0.300173490495005,-0.307560138821268
"1404",0.257369187022783,0.968842248279201
"1405",1.10953924183936,0.205086228098955
"1406",0.770578185093239,0.568366225795641
"1407",0.934576784385896,0.0600624503340368
"1408",0.969278708919474,0.282622082695459
"1409",1.65450584551046,-0.246114375476255
"1410",0.0323885096034019,0.169728518688684
"1411",0.0504333791143518,0.403408148080721
"1412",1.60077916126144,-0.341650687464178
"1413",-0.957759844691115,0.3379924922024
"1414",0.855063067367548,-0.508219279599386
"1415",1.74780827844735,-0.193789957862472
"1416",0.653935688273481,0.794220787919265
"1417",1.39370401911392,-0.430917672014308
"1418",2.02683489855623,0.404618727631792
"1419",0.582225421861898,0.810004120563509
"1420",0.900366969716779,0.247612849081797
"1421",0.223585755221807,-0.0210748369844404
"1422",1.91345133075337,0.0781518607893625
"1423",-0.939789348613426,0.600428108857596
"1424",0.634624773839726,-0.382429292619476
"1425",1.18561911973546,-0.384661692784825
"1426",0.301291929746014,-0.39607794258281
"1427",0.0622519746716458,0.188547258033551
"1428",0.43921862715023,0.809028224380822
"1429",0.114074783395992,0.0865962698654154
"1430",0.385133286134244,0.924554200754663
"1431",0.636799942800912,-0.372632304827654
"1432",0.274617443429136,-0.202793197533309
"1433",1.97259548110451,0.127308740554035
"1434",0.137736910075857,0.0921724620960075
"1435",-0.0440415827413869,1.06622257081693
"1436",0.546031410821918,0.878941701740481
"1437",0.849479463401967,0.411200057878868
"1438",0.215149788573818,0.0996329407715775
"1439",0.908682378496887,-0.476566925042158
"1440",0.495082683939679,0.941847524633295
"1441",-0.752202766122719,0.614888310791806
"1442",0.61955031869102,-0.32572221410785
"1443",-0.833068894302782,0.540707247790143
"1444",1.8878034806301,-0.164008561284022
"1445",1.90195665054648,0.18156734669
"1446",-0.376924543727048,0.949594484912184
"1447",0.341580978529583,0.966419803493355
"1448",-0.0730424057367963,0.397439211618522
"1449",0.0213469081444929,0.296053402788069
"1450",-0.642642156092905,0.716163387207841
"1451",1.93741803943215,0.231236729631517
"1452",1.40618075283506,-0.399618164356331
"1453",0.243132641960495,-0.237591296680468
"1454",1.0461558089646,-0.455959626491899
"1455",0.196479598104439,0.990914913021771
"1456",-0.678494246433205,0.746110952898443
"1457",1.48025668680848,-0.350615000226363
"1458",1.49562212567214,-0.416584353429931
"1459",0.627391606844548,0.820521676796502
"1460",-0.84593569321325,0.240077159593519
"1461",0.176937668975998,0.156806651582765
"1462",1.62327575308698,-0.226134775092271
"1463",0.0256507742521277,0.264180722155573
"1464",0.736716625038453,-0.51044822115591
"1465",1.75952916545167,-0.164661490526351
"1466",0.992857957284128,0.297352208099553
"1467",1.00433515849846,0.0508469407931762
"1468",-0.329658533222101,0.829825246870638
"1469",1.95974440365473,0.31991188174117
"1470",1.91714232113992,0.0793473327987383
"1471",1.77957417943452,-0.0634311585718771
"1472",1.95690117977083,0.417774801679332
"1473",-0.838951386119959,0.550626821279364
"1474",-0.312107417408926,0.972093674696103
"1475",0.0540827447352345,1.05556404907396
"1476",1.93932779728952,0.0295646998251693
"1477",0.766660528389024,0.556357793219257
"1478",0.994651082337686,0.0682232957023103
"1479",0.0768591489362815,0.337722009686237
"1480",-0.630297846526798,0.809767120206905
"1481",-0.447664681583319,0.797416640092984
"1482",-0.422787458516454,0.921586187257579
"1483",0.19973067528443,-0.283831404471162
"1484",-1.08244475891124,0.130062421741208
"1485",0.932234007235139,0.388891637556393
"1486",1.79567308632705,-0.19588117584275
"1487",0.788853506089285,0.49882403571203
"1488",0.241844894885119,0.906703009014837
"1489",0.309587507632354,-0.181482381436198
"1490",1.39385416725919,-0.445826973157773
"1491",-0.668385682575573,0.729540459642007
"1492",0.897550697061985,0.245723907693648
"1493",0.0795523226536846,0.124947481275315
"1494",0.90592417230944,0.329090605075263
"1495",0.474081458341068,0.860558915851364
"1496",1.86999842143319,-0.0161895903323395
"1497",-0.43312736440264,0.809947390417475
"1498",1.90950927058778,0.0298968619414246
"1499",0.546230685282289,-0.360031333626647
"1500",0.0409001625434296,0.370692968971802
